_id,id,category,Subcategory,name,genericName,brand,manufacturer,dosageForm,strength,saltComposition,description,uses[0],uses[1],dosage,sideEffects,warnings,price,stock,barcode,expiry,substitutes[0],substitutes[1],substitutes[2],image,bar_code,side_effects,suitable_for,uses,tags
6a646c4cedb0bc53fabc84e7,1,Medicines,Tablet,Dolo 650,Paracetamol,Dolo,Micro Labs Ltd,Tablet,650mg,Paracetamol (650mg),Dolo 650 Tablet helps relieve fever and mild-to-moderate pain.,Fever,Headache & Body Ache,1 tablet every 4-6 hours as directed by physician.,"Nausea, Allergic reactions (rare)",Do not exceed recommended dose; avoid alcohol.,30,150,8.90E+12,7/21/2026,Calpol 650,Crocin 650,Pacimol 650,https://encrypted-tbn0.gstatic.com/images?q=tbn:ANd9GcTZdngxX_PUy2QPleOuohg5t6IJHEUBE26dHWiFccGBcw&s=10,,,,,
6a646c4cedb0bc53fabc84e8,2,Medicines,Tablet,Calpol 650,Paracetamol,Calpol,GlaxoSmithKline,Tablet,650mg,Paracetamol (650mg),Calpol 650 Tablet provides effective relief from high fever and pain.,Fever reduction,Mild to moderate pain relief,Use as directed by physician.,"Rare allergic skin rash, Liver toxicity (overdose)",Do not take with other Paracetamol products.,32.5,120,8.90E+12,8/26/2028,Dolo 650,Crocin 650,Pacimol 650,https://encrypted-tbn0.gstatic.com/images?q=tbn:ANd9GcQs3c67ieeu8mdNSljd9OiHkeyDgqzgGQU6jP4s6eVe2A&s=10,,,,,
6a646c4cedb0bc53fabc84e9,3,Medicines,Tablet,Crocin 650,Paracetamol,Crocin,GSK Consumer Healthcare,Tablet,650mg,Paracetamol (650mg),Fast acting formula for symptomatic relief from pain and fever.,Fever management,Dental pain & headache,1 tablet up to 3-4 times daily.,"Nausea, Epigastric discomfort",Caution in patients with severe liver impairment.,28,180,8.90E+12,9/26/1930,Dolo 650,Calpol 650,Pacimol 650,https://encrypted-tbn0.gstatic.com/images?q=tbn:ANd9GcS4bLxJcu8Xni-_7BkGDN_A9ToPQjpA3jOMt-legvWVKw&s=10,,,,,
6a646c4cedb0bc53fabc84ea,4,Medicines,Tablet,Pacimol 650,Paracetamol,Pacimol,Ipca Laboratories Ltd,Tablet,650mg,Paracetamol (650mg),Analgesic and antipyretic medication used for fever and pain.,Pyrexia of unknown origin,Musculoskeletal pain,As prescribed by physician.,"Skin redness, Dizziness",Avoid consuming alcohol during therapy.,26.5,140,8.90E+12,11/8/2028,Dolo 650,Calpol 650,Crocin 650,https://encrypted-tbn0.gstatic.com/images?q=tbn:ANd9GcTuSQzix5KRzzVrr4TKpezFz1JRbMMS8ACXQsaXlFgfFA&s,,,,,
6a646c4cedb0bc53fabc84eb,5,Medicines,Tablet,Combiflam,Ibuprofen + Paracetamol,Combiflam,Sanofi India Ltd,Tablet,400mg/325mg,Ibuprofen (400mg) + Paracetamol (325mg),Combination non-steroidal anti-inflammatory drug and antipyretic.,Joint pain & inflammation,Toothache and headache,1 tablet twice or thrice daily after meals.,"Heartburn, Stomach upset, Indigestion",Take with food. Not recommended for patients with peptic ulcers.,45,200,8.90E+12,7/30/2027,Ibugesic Plus,Flexon,,https://encrypted-tbn0.gstatic.com/images?q=tbn:ANd9GcQLRX5mQ-AQwnQ0MqsGDrfuJg3_cwWGXKDwN-uY-dHqoA&s=10,,,,,
6a646c4cedb0bc53fabc84ec,6,Medicines,Tablet,Ibugesic Plus,Ibuprofen + Paracetamol,Ibugesic,Cipla Ltd,Tablet,400mg/325mg,Ibuprofen (400mg) + Paracetamol (325mg),Effective dual-action pain relief for arthritis and post-operative pain.,Rheumatoid arthritis pain,Fever with severe body pain,1 tablet after meal as advised by physician.,"Nausea, Flatulence, Mild dizziness",Avoid prolonged unmonitored use.,42,110,8.90E+12,6/3/2027,Combiflam,Flexon,,https://image.cdn.shpy.in/82900/1658597772604_SKU-1923_2.jpg?width=600&format=webp,,,,,
6a646c4cedb0bc53fabc84ed,7,Medicines,Tablet,Flexon,Ibuprofen + Paracetamol,Flexon,Aristo Pharmaceuticals,Tablet,400mg/325mg,Ibuprofen (400mg) + Paracetamol (325mg),Used for acute inflammatory musculoskeletal disorders and fever.,Sprains and muscle cramps,Post-dental procedure pain,1 tablet 2 times daily after food.,"Gastric irritation, Drowsiness",Use cautiously in kidney disorders.,38,160,8.90E+12,3/11/2029,Combiflam,Ibugesic Plus,,https://encrypted-tbn0.gstatic.com/images?q=tbn:ANd9GcQid9sDI0zfZJLi-eD2-5VR93Uo67mvgZNsvqa1nL2SkQ&s=10,,,,,
6a646c4cedb0bc53fabc84ee,8,Medicines,Tablet,Pantocid 40,Pantoprazole,Pantocid,Sun Pharmaceutical Industries,Tablet,40mg,Pantoprazole (40mg),Proton pump inhibitor that reduces stomach acid secretion.,Gastroesophageal reflux disease (GERD),Peptic ulcer disease,1 tablet daily in the morning before breakfast.,"Headache, Diarrhea, Abdominal pain",Swallow whole; do not crush or chew.,115,0,8.90E+12,11/11/2028,Pan 40,Pantodac 40 IV,Pan IV,https://encrypted-tbn0.gstatic.com/images?q=tbn:ANd9GcTgJgYBEB07ZyKZbOFHWxM5m9tWE_1I_h1JTA5ab0WBCA&s=10,,,,,
6a646c4cedb0bc53fabc84ef,9,Medicines,Tablet,Pan 40,Pantoprazole,Pan,Alkem Laboratories,Tablet,40mg,Pantoprazole (40mg),Gastro-resistant tablet for acid indigestion and heartburn.,Heartburn & acid reflux,Hypersecretory conditions,1 tablet before morning meal.,"Flatulence, Dry mouth",Inform doctor if taking HIV antiretrovirals.,108,175,8.90E+12,1/19/2029,Pantocid 40,Pantodac 40 IV,Pan IV,https://encrypted-tbn0.gstatic.com/images?q=tbn:ANd9GcREtnlphmU2rEGHbwvbyZyqTltJtO0t4dlFqw7CSg1Bmw&s=10,,,,,
6a646c4cedb0bc53fabc84f0,10,Medicines,Tubes,Volini Gel,Diclofenac + Linseed Oil + Methyl Salicylate + Menthol,Volini,Sun Pharmaceutical Industries,Gel,1.16% w/w,Diclofenac Diethylamine (1.16% w/w) + Menthol (5% w/w),Topical pain relief gel for quick absorption and relief from deep muscle pain.,Back pain & joint stiffness,Sports injuries & sprains,Apply thin layer to affected area 3-4 times daily.,"Mild skin redness, Burning sensation",For external use only. Do not apply on open wounds.,140,90,8.90E+12,4/15/2027,Omnigel,Moov Ointment,,https://encrypted-tbn0.gstatic.com/images?q=tbn:ANd9GcSGAvGaoziN5rB6WQ9aJOKC___ABOeMNQchUzWgY5UuaA&s=10,,,,,
6a646c4cedb0bc53fabc84f1,11,Medicines,Tubes,Omnigel,Diclofenac + Linseed Oil + Methyl Salicylate + Menthol,Omnigel,Cipla Ltd,Gel,1.16% w/w,Diclofenac Diethylamine (1.16% w/w) + Menthol (5% w/w),Fast-acting topical pain relief formula for inflammation and muscle aches.,Neck pain & shoulder pain,Arthritis joint discomfort,Gently rub into affected skin 3 times daily.,"Local irritation, Dry skin",Avoid contact with eyes and mucous membranes.,125,110,51111407592,12/16/2026,Volini Gel,Moov Ointment,,https://encrypted-tbn0.gstatic.com/images?q=tbn:ANd9GcQWS9jFnFc_WaMFkGpe8gNNTh_SZ1ey1GL562JGV0qlhg&s=10,,,,,
6a646c4cedb0bc53fabc84f2,12,Medicines,Tubes,Moov Ointment,Diclofenac + Linseed Oil + Methyl Salicylate + Menthol,Moov,Reckitt Benckiser,Ointment,1.16% w/w,Diclofenac Diethylamine (1.16% w/w) + Menthol (5% w/w),Ayurvedic and specialized pain relief ointment for muscular aches.,Lower backache,Muscular strain,Massage gently over affected site.,"Skin tingling, Mild warmth",Wash hands thoroughly after application.,135,95,8.90E+12,7/4/2028,Volini Gel,Omnigel,,https://encrypted-tbn0.gstatic.com/images?q=tbn:ANd9GcR-s8KyQ--9ocvTB_q8R1z4FPEYNRlThBnSf_ie5LSXkw&s=10,,,,,
6a646c4cedb0bc53fabc84f3,13,Medicines,Tubes,Betnovate N,Betamethasone + Neomycin,Betnovate,GlaxoSmithKline,Cream,0.1% / 0.5%,Betamethasone Valerate (0.1%) + Neomycin Sulphate (0.5%),Topical corticosteroid combined with antibacterial agent for skin conditions.,Eczema and psoriasis,Infected inflammatory dermatoses,Apply sparingly once or twice daily.,"Skin thinning, Burning sensation, Irritation",Do not use continuously for more than 2 weeks without supervision.,52,140,8.90E+12,3/3/2028,Tenovate N,,,https://encrypted-tbn0.gstatic.com/images?q=tbn:ANd9GcTUuPLuZblqOvBxinSnsbo2Z8IciwzYwJvwD_s6BY9jLQ&s=10,,,,,
6a646c4cedb0bc53fabc84f4,14,Medicines,Tubes,Tenovate N,Betamethasone + Neomycin,Tenovate,GSK India,Cream,0.1% / 0.5%,Betamethasone Valerate (0.1%) + Neomycin Sulphate (0.5%),Steroid and antibiotic cream for bacterial skin lesions.,Allergic skin disorders,Bacterial dermatitis,Apply thin film to affected region.,"Dryness, Folliculitis",Not for fungal skin infections.,48,85,8.90E+12,11/16/2027,Betnovate N,,,https://encrypted-tbn0.gstatic.com/images?q=tbn:ANd9GcRl7h8iApGoC5tm1UuAF6gkoqkTMsuyPmAASUYC0RMb3w&s=10,,,,,
6a646c4cedb0bc53fabc84f5,15,Medicines,Tubes,Quadriderm RF,Beclomethasone + Clotrimazole + Neomycin,Quadriderm,Fulford India Ltd,Cream,Multi-active,Beclomethasone Dipropionate (0.025%) + Clotrimazole (1%) + Neomycin (0.5%),Broad spectrum antibacterial and antifungal topical treatment.,Mixed skin infections,Fungal dermatosis with inflammation,Apply to lesion twice daily.,"Local burning, Erythema",Avoid prolonged usage on facial skin.,105,70,8.90E+12,6/2/2027,,,,https://encrypted-tbn0.gstatic.com/images?q=tbn:ANd9GcSFuHL7t6jI-EDxwJjWrXa_qN71BNoiKU1U3WXF3rBj8g&s,,,,,
6a646c4cedb0bc53fabc84f6,16,Medicines,Tubes,Candid B,Clotrimazole + Beclomethasone,Candid,Glenmark Pharmaceuticals,Cream,1% / 0.025%,Clotrimazole (1% w/w) + Beclomethasone Dipropionate (0.025% w/w),Antifungal cream combined with anti-inflammatory corticosteroid.,Ringworm and athlete's foot,Fungal diaper rash & jock itch,Apply twice daily to affected area.,"Itching, Blistering, Skin peeling",Discontinue if severe hypersensitivity occurs.,118,0,8.90E+12,5/18/2028,,,,https://encrypted-tbn0.gstatic.com/images?q=tbn:ANd9GcSRDKaKLAezP0nkUZ7Ieo1tU4YTY2pIKG2Ca5wL8rdyLQ&s=10,,,,,
6a646c4cedb0bc53fabc84f7,17,Medicines,Tubes,Panderm Plus,Clobetasol + Neomycin + Miconazole,Panderm,Macleods Pharmaceuticals,Cream,Combination,Clobetasol (0.05%) + Neomycin (0.5%) + Miconazole (2%),Triple action dermatological cream for complex skin allergies.,Inflammatory fungal infection,Bacterial eczema,Apply sparingly as directed.,"Skin irritation, Hypertrichosis",Do not cover with occlusive dressing.,95,105,8.90E+12,9/14/2029,,,,https://encrypted-tbn0.gstatic.com/images?q=tbn:ANd9GcQ8ygS9oSSgVcreuFBjjJol2-G1r9lz7QaZfIlil8wUnA&s=10,,,,,
6a646c4cedb0bc53fabc84f8,18,Medicines,Tubes,Soframycin,Framycetin Sulphate,Soframycin,Sanofi India Ltd,Cream,1% w/w,Framycetin Sulphate (1% w/w),Topical aminoglycoside antibiotic cream for superficial bacterial skin infections.,Minor cuts & superficial burns,Infected wounds and ulcers,Apply 1-2 times daily to lesion.,"Local contact dermatitis, Itching",Avoid prolonged use on large body surface area.,56,210,8.90E+12,11/15/1930,,,,https://encrypted-tbn0.gstatic.com/images?q=tbn:ANd9GcQVQglvb0ASI99tVeJhq79c4XnWfBJOrhCpRLOdpavbhA&s=10,,,,,
6a646c4cedb0bc53fabc84f9,19,Medicines,Spray,Otrivin Adult,Xylometazoline,Otrivin,GSK Consumer Healthcare,Nasal Spray,0.1% w/v,Xylometazoline Hydrochloride (0.1% w/v),Fast-acting nasal decongestant spray that clears blocked nose in 2 minutes.,Nasal congestion due to cold,Sinusitis relief,1 spray into each nostril 2-3 times daily.,"Nasal dryness, Burning sensation in nose",Do not use for more than 7 consecutive days.,110,160,8.90E+12,5/1/1930,Xymex Nasal Spray,,,https://encrypted-tbn0.gstatic.com/images?q=tbn:ANd9GcSAGOoeMp4sYyoREnxcu4UP8Phg-2KP_YZexFYAS547-Q&s,,,,,
6a646c4cedb0bc53fabc84fa,20,Medicines,Spray,Xymex Nasal Spray,Xylometazoline,Xymex,Cipla Ltd,Nasal Spray,0.1% w/v,Xylometazoline Hydrochloride (0.1% w/v),"Relieves nasal blockage caused by allergies, colds, or sinus infections.",Allergic rhinitis congestion,Paranasal sinus passage clearance,1 puff in each nostril twice daily.,"Headache, Transient nasal irritation",Avoid in patients with narrow-angle glaucoma.,98,0,8.90E+12,9/19/2027,Otrivin Adult,,,https://encrypted-tbn0.gstatic.com/images?q=tbn:ANd9GcSn10g7eUsrSQHk507qsRAlVkXgLg4Ciu7ylZ-y5V9Mzw&s=10,,,,,
6a646c4cedb0bc53fabc84fb,21,Medicines,Spray,Nasivion Adult,Oxymetazoline,Nasivion,Procter & Gamble,Nasal Spray,0.05% w/v,Oxymetazoline Hydrochloride (0.05% w/v),Provides up to 12 hours of long-lasting nasal decongestion.,Blocked nose from flu,Eustachian tube congestion,1-2 sprays per nostril every 12 hours.,"Rebound congestion (if overused), Sneezing",Strictly restrict continuous use to under 5 days.,105,140,8.90E+12,1/17/2027,,,,https://encrypted-tbn0.gstatic.com/images?q=tbn:ANd9GcQnzZb9tWF0N9WW3Koo7M55TjEGhg7Dzxa08F7aVqAZmA&s=10,,,,,
6a646c4cedb0bc53fabc84fc,22,Medicines,Spray,Flomist Nasal Spray,Fluticasone Propionate,Flomist,Cipla Ltd,Nasal Spray,50mcg/actuation,Fluticasone Propionate (50mcg),Corticosteroid nasal spray for daily management of perennial allergic rhinitis.,Seasonal allergies & sneezing,Nasal itching & watery eyes,2 sprays in each nostril once daily in the morning.,"Epistaxis (nosebleeds), Throat irritation",Shake well before use. Consistent daily use required for full effect.,380,75,8.90E+12,4/9/2027,Furonase Nasal Spray,,,https://encrypted-tbn0.gstatic.com/images?q=tbn:ANd9GcRokt-GYLwQ-qiQ3MzcA9gUHY-muJdGU5IbW4b0iNYOpA&s=10,,,,,
6a646c4cedb0bc53fabc84fd,23,Medicines,Spray,Furonase Nasal Spray,Fluticasone Propionate,Furonase,Sun Pharmaceutical Industries,Nasal Spray,50mcg/actuation,Fluticasone Propionate (50mcg),Anti-inflammatory nasal spray reducing swelling of nasal mucous membranes.,Perennial allergic rhinitis,Nasal polyp management,1-2 sprays in each nostril daily.,"Unpleasant taste, Headache",Rinse mouth if post-nasal drip occurs.,365,65,8.90E+12,3/19/2029,Flomist Nasal Spray,,,https://encrypted-tbn0.gstatic.com/images?q=tbn:ANd9GcSbyOdHiXxoVw7S5XeNOnij15XzS5Ynjot3iiWfJIQRgg&s=10,,,,,
6a646c4cedb0bc53fabc84fe,24,Medicines,Spray,Relispray,Pain Relief Aerosol,Relispray,Mupra Laboratories,Topical Spray,Aerosol,Wintergreen Oil + Menthol + Camphor + Cinnamon Oil,Instant pain relief spray utilizing ayurvedic essential oils.,Muscular sprains & cramps,Joint inflammation relief,Spray directly on painful area from 15cm distance.,"Skin redness, Warm sensation",Extremely flammable. Do not spray near open flame.,185,130,8.90E+12,8/25/2026,,,,https://encrypted-tbn0.gstatic.com/images?q=tbn:ANd9GcQhKzC0uIWW5fiuLXTQ8iUYRvhlPsy-xyReioAJoSAFZw&s=10,,,,,
6a646c4cedb0bc53fabc84ff,25,Medicines,Spray,Volini Pain Spray,Diclofenac + Menthol,Volini,Sun Pharmaceutical Industries,Topical Spray,Aerosol 1.16%,Diclofenac Diethylamine (1.16% w/v) + Menthol (5% w/v),Quick penetrating pain relief spray for immediate muscle relaxation.,Acute back pain,Sports impact injuries,Spray onto affected joint 3 times daily.,"Contact dermatitis, Burning sensation",Avoid inhaling spray vapor directly.,210,150,8.90E+12,8/26/1930,,,,https://encrypted-tbn0.gstatic.com/images?q=tbn:ANd9GcSYWcFmsIUsfCeDbSX2AvgjTCV909ZW0rj7RZvb2ROc9A&s,,,,,
6a646c4cedb0bc53fabc8500,26,Medicines,Spray,Cipladine Spray,Povidone-Iodine,Cipladine,Cipla Ltd,Topical Spray,5% w/v,Povidone-Iodine (5% w/v),Antiseptic dry powder spray for touch-free infection prevention on skin cuts.,Minor wound disinfection,Burn wound dressing support,Spray over affected skin surface 1-2 times daily.,"Temporary skin staining, Local irritation",Avoid in thyroid disorder patients without consultation.,130,90,8.90E+12,5/10/2027,Betadine Spray,,,https://encrypted-tbn0.gstatic.com/images?q=tbn:ANd9GcRMHviqby87jDq-P_8d5jdvD75hXNhJvsyVs1jrAcW2pw&s=10,,,,,
6a646c4cedb0bc53fabc8501,27,Medicines,Spray,Betadine Spray,Povidone-Iodine,Betadine,Win-Medicare Pvt Ltd,Topical Spray,5% w/v,Povidone-Iodine (5% w/v),Broad spectrum microbicidal antiseptic aerosol spray.,Abrasions & lacerations,Post-surgical wound hygiene,Spray on targeted skin region.,Mild localized burning,For external topical application only.,145,80,8.90E+12,6/10/2029,Cipladine Spray,,,https://encrypted-tbn0.gstatic.com/images?q=tbn:ANd9GcQ6etGpNKx0EEg0rf2NjA57WLNdNotxaZteiZZdCabxVQ&s=10,,,,,
6a646c4cedb0bc53fabc8502,28,Medicines,Capsule,Becosules Z,B-Complex + Vitamin C + Zinc,Becosules,Pfizer Ltd,Capsule,Multi-vitamin,Vitamin B-Complex + Vitamin C (150mg) + Zinc Sulphate (41.4mg),Essential multivitamin supplement for metabolic support and immunity.,Mouth ulcers & vitamin B deficiency,Convalescence and tissue repair,1 capsule daily after meal.,"Mild stomach discomfort, Bright yellow urine (harmless)",Do not exceed daily suggested intake.,52,250,8.90E+12,1/19/2028,Cobadex ZS,,,https://encrypted-tbn0.gstatic.com/images?q=tbn:ANd9GcQsB_qaRQkj-5xQ2LpnDmq8FYrt81vw4sBgRi8RQvxiew&s,,,,,
6a646c4cedb0bc53fabc8503,29,Medicines,Capsule,Cobadex ZS,B-Complex + Vitamin C + Zinc,Cobadex,GlaxoSmithKline,Capsule,Multi-vitamin,Vitamin B-Complex + Vitamin C (150mg) + Zinc Sulphate (41.4mg),Nutritional supplement supporting mucosal healing and energy metabolism.,Stomatitis and glossitis,Immune system enhancement,1 capsule daily with water.,"Nausea, Abdominal cramps",Keep container tightly closed away from moisture.,48,190,8.90E+12,3/29/2027,Becosules Z,,,https://encrypted-tbn0.gstatic.com/images?q=tbn:ANd9GcRR3fXAe3VRcgDJbEGwO7I71gh--wWD6CchzARDzbMRbA&s=10,,,,,
6a646c4cedb0bc53fabc8504,30,Medicines,Capsule,Omepraz 20,Omeprazole,Omepraz,Sun Pharmaceutical Industries,Capsule,20mg,Omeprazole (20mg),Proton pump inhibitor reducing excessive gastric acid production.,GERD and acid indigestion,Prevention of NSAID-induced ulcers,1 capsule daily before breakfast.,"Headache, Constipation, Gas",Swallow whole; do not chew or crush granules.,60,160,8.90E+12,12/27/2026,Omee,Omez 20,,https://encrypted-tbn0.gstatic.com/images?q=tbn:ANd9GcSikTqHolfRsvaQhkcrMbsM2Vse8H_D6e1CUsWCeI5TJQ&s=10,,,,,
6a646c4cedb0bc53fabc8505,31,Medicines,Capsule,Omee,Omeprazole,Omee,Alkem Laboratories,Capsule,20mg,Omeprazole (20mg),Gastro-resistant hard gel capsule for hyperacidity relief.,Heartburn relief,Duodenal ulcer treatment,1 capsule morning on empty stomach.,"Abdominal distress, Dizziness",Long-term use may reduce Vitamin B12 absorption.,55,210,8.90E+12,8/5/2026,Omepraz 20,Omez 20,,https://encrypted-tbn0.gstatic.com/images?q=tbn:ANd9GcRl36c8EsAazPMS0v834F16bJ3beuq78qJIqL7p9Ny8DA&s=10,,,,,
6a646c4cedb0bc53fabc8506,32,Medicines,Capsule,Omez 20,Omeprazole,Omez,Dr. Reddy's Laboratories,Capsule,20mg,Omeprazole (20mg),Widely trusted antacid capsule for rapid acid neutralization.,Gastric ulcer management,Erosive esophagitis,1 capsule daily half an hour prior to food.,"Flatulence, Mild headache",Inform physician if severe liver conditions exist.,58,300,8.90E+12,6/27/2026,Omepraz 20,Omee,,https://encrypted-tbn0.gstatic.com/images?q=tbn:ANd9GcQV3xjURPQr74BWQIZhIorZ7cEohZBFmOGvPdTw5Lp8Rw&s=10,,,,,
6a646c4cedb0bc53fabc8507,33,Medicines,Capsule,Amoxyclav 625 Capsule,Amoxicillin + Clavulanic Acid,Amoxyclav,Abbott India,Capsule,500mg/125mg,Amoxicillin (500mg) + Clavulanic Acid (125mg),Broad-spectrum beta-lactam antibiotic for bacterial infections.,Respiratory tract infections,Urinary tract & soft tissue infections,1 capsule twice daily after food.,"Diarrhea, Loose stools, Vomiting",Complete full course as prescribed. Risk of antibiotic resistance.,200,100,8.90E+12,12/8/2027,Moxikind CV 625,,,https://encrypted-tbn0.gstatic.com/images?q=tbn:ANd9GcQUZqz-1_QPvihDC11xY9-kUgeaSUc3MkijpaVK_s8pEg&s,,,,,
6a646c4cedb0bc53fabc8508,34,Medicines,Capsule,Moxikind CV 625,Amoxicillin + Clavulanic Acid,Moxikind,Mankind Pharma,Capsule,500mg/125mg,Amoxicillin (500mg) + Clavulanic Acid (125mg),Potent antibiotic formula designed to overcome bacterial enzyme resistance.,"ENT infections (Otitis media, Sinusitis)",Dental alveolar abscess,1 capsule twice daily for 5-7 days.,"Nausea, Skin rash, Dyspepsia",Discontinue if penicillin allergy symptoms occur.,185,120,8.90E+12,7/5/2026,Amoxyclav 625 Capsule,,,https://encrypted-tbn0.gstatic.com/images?q=tbn:ANd9GcTk23I7l2OfA7j7MvHP1t3idGlSxJg3O0sDUyd_4tdIug&s=10,,,,,
6a646c4cedb0bc53fabc8509,35,Medicines,Capsule,Rabemac DSR,Rabeprazole + Domperidone,Rabemac,Macleods Pharmaceuticals,Capsule,20mg/30mg,Rabeprazole Sodium (20mg) + Domperidone (30mg SR),Sustained release capsule for severe GERD and nausea.,Acid reflux with nausea,Dyspepsia and feeling of fullness,1 capsule morning empty stomach.,"Dry mouth, Dizziness, Diarrhea",Not recommended for children under 12.,140,110,8.90E+12,10/13/2029,Rabeloc RD,,,https://encrypted-tbn0.gstatic.com/images?q=tbn:ANd9GcS1BkHWbXllpjq3RxF0oLIdHcQYOHgPWhok4LqqLsVJxQ&s=10,,,,,
6a646c4cedb0bc53fabc850a,36,Medicines,Capsule,Rabeloc RD,Rabeprazole + Domperidone,Rabeloc,Cadila Pharmaceuticals,Capsule,20mg/30mg,Rabeprazole Sodium (20mg) + Domperidone (30mg SR),Dual action prokinetic and proton pump inhibitor.,Gastroesophageal reflux management,Heartburn accompanied by vomiting,1 capsule daily before first meal.,"Headache, Asthenia, Dryness of mouth",May cause somnolence; exercise caution when driving.,132,95,8.90E+12,10/23/1930,Rabemac DSR,,,https://encrypted-tbn0.gstatic.com/images?q=tbn:ANd9GcTVNjPxczq0zL6hrN9HV5i3DwxiaYfv6QCGJptmF5P7kA&s=10,,,,,
6a646c4cedb0bc53fabc850b,37,Medicines,Drops,Ciplox Eye/Ear Drops,Ciprofloxacin,Ciplox,Cipla Ltd,Eye / Ear Drops,0.3% w/v,Ciprofloxacin Hydrochloride (0.3% w/v),Broad-spectrum fluoroquinolone antibiotic drops for ocular and otic infections.,Bacterial conjunctivitis (pink eye),Otitis externa & corneal ulcers,1-2 drops into affected eye/ear every 4 hours.,"Local burning, Local irritation, White precipitate on cornea",Do not touch dropper tip to any surface. For topical use only.,22,220,8.90E+12,12/20/2027,Cifran Eye Drops,Zoxan Eye Drops,,https://encrypted-tbn0.gstatic.com/images?q=tbn:ANd9GcS6aqUGRhyA7o0J_CsLf94Rv7dli38cccUihpxNGI7m9Q&s=10,,,,,
6a646c4cedb0bc53fabc850c,38,Medicines,Drops,Cifran Eye Drops,Ciprofloxacin,Cifran,Sun Pharmaceutical Industries,Eye Drops,0.3% w/v,Ciprofloxacin Hydrochloride (0.3% w/v),Antibacterial ophthalmic solution targeting common ocular pathogens.,Superficial eye infections,Blepharitis & keratitis,1-2 drops 3-4 times daily.,"Eye stinging, Foreign body sensation",Discard bottle 1 month after opening.,20,170,8.90E+12,2/19/1930,Ciplox Eye/Ear Drops,Zoxan Eye Drops,,https://encrypted-tbn0.gstatic.com/images?q=tbn:ANd9GcTHbJg0gBR0rWvq07HEdLiD-cH2iYLYF80xXQc-QdweXg&s=10,,,,,
6a646c4cedb0bc53fabc850d,39,Medicines,Drops,Zoxan Eye Drops,Ciprofloxacin,Zoxan,FDC Ltd,Eye Drops,0.3% w/v,Ciprofloxacin Hydrochloride (0.3% w/v),Effective anti-infective drops preventing bacterial growth in the eye.,Corneal abrasions infected,Eyelid infections,Instill 1 drop every 2-6 hours.,"Tearing, Light sensitivity",Remove contact lenses before instilling drops.,21,140,8.90E+12,1/23/2027,Ciplox Eye/Ear Drops,Cifran Eye Drops,,https://encrypted-tbn0.gstatic.com/images?q=tbn:ANd9GcR5lP1eu2r5Zyry5qw23kHGP9UUhG5PJj5zNgXOTeHd4w&s=10,,,,,
6a646c4cedb0bc53fabc850e,40,Medicines,Drops,Refreshe Liquigel,Carboxymethylcellulose,Refreshe,Allergan India,Eye Drops,1.0% w/v,Carboxymethylcellulose Sodium (1.0% w/v),Lubricating eye drops providing long-lasting relief from dry eye symptoms.,Dry eye syndrome,Eye strain from digital screens,1-2 drops in affected eye(s) as needed.,"Temporary blurred vision, Mild stinging","If irritation persists for >72 hrs, consult ophthalmologist.",210,130,8.90E+12,1/6/2028,Refresh Tears,EcoTears Eye Drops,,https://encrypted-tbn0.gstatic.com/images?q=tbn:ANd9GcRKqUKEW5gSJp8YKjBOACe8EbIBeQvozd_zmd6_0P9DNA&s=10,,,,,
6a646c4cedb0bc53fabc850f,41,Medicines,Drops,Refresh Tears,Carboxymethylcellulose,Refresh,Allergan India,Eye Drops,0.5% w/v,Carboxymethylcellulose Sodium (0.5% w/v),Artificial tears artificial tear solution soothing burning and wind irritation.,Eye dryness & irritation,Environmental dust exposure relief,1 drop as needed throughout the day.,Transient mild eye redness,Keep out of reach of children.,180,190,8.90E+12,3/8/1930,Refreshe Liquigel,EcoTears Eye Drops,,https://encrypted-tbn0.gstatic.com/images?q=tbn:ANd9GcSWJNCjj39zfw8BDaV6NmE2qAwS6bxyKwZ41r3IGY6iKw&s=10,,,,,
6a646c4cedb0bc53fabc8510,42,Medicines,Drops,EcoTears Eye Drops,Carboxymethylcellulose,EcoTears,Intas Pharmaceuticals,Eye Drops,0.5% w/v,Carboxymethylcellulose Sodium (0.5% w/v),"Soothing tear substitute for dry, irritated, or burning eyes.",Keratoconjunctivitis sicca,Computer vision syndrome,1-2 drops as required.,Visual clouding immediately after use,Do not use if safety seal is broken.,165,150,8.90E+12,12/7/1930,Refreshe Liquigel,Refresh Tears,,https://encrypted-tbn0.gstatic.com/images?q=tbn:ANd9GcRlaTSCyQvO0RgwM53LrjmSWMcdwvf6xu2ggskVODS4ng&s,,,,,
6a646c4cedb0bc53fabc8511,43,Medicines,Drops,Nasoclear Saline Drops,Sodium Chloride,Nasoclear,Zydus Healthcare,Nasal Drops,0.9% w/v,Sodium Chloride (0.9% w/v),Isotonic saline nasal drops to moisturize dry nasal passages in infants & adults.,Nasal crusting & dry nasal mucosa,Infant nasal congestion clearance,2-3 drops into each nostril as needed.,Transient sneezing,Safe for long term use; maintain tip cleanliness.,55,200,8.90E+12,9/10/2026,Solspre Saline Drops,,,https://encrypted-tbn0.gstatic.com/images?q=tbn:ANd9GcRlaTSCyQvO0RgwM53LrjmSWMcdwvf6xu2ggskVODS4ng&s,,,,,
6a646c4cedb0bc53fabc8512,44,Medicines,Drops,Solspre Saline Drops,Sodium Chloride,Solspre,Sun Pharmaceutical Industries,Nasal Drops,0.9% w/v,Sodium Chloride (0.9% w/v),Purified isotonic nasal moistening drop suitable for all age groups.,Soothe dry inflamed nasal passages,Post-nasal surgery hygiene,2 drops per nostril 3-4 times daily.,None reported,Do not share bottle to prevent infection spread.,50,160,8.90E+12,4/25/2028,Nasoclear Saline Drops,,,https://encrypted-tbn0.gstatic.com/images?q=tbn:ANd9GcSKWpxB9gfxLRcgqsZwdnXJCsjcGjj2dIjAVdQErnR-EA&s=10,,,,,
6a646c4cedb0bc53fabc8513,45,Medicines,Drops,Colimex Drops,Dicyclomine + Simethicone,Colimex,Wallace Pharmaceuticals,Oral Drops,10mg/40mg per ml,Dicyclomine Hydrochloride (10mg) + Simethicone (40mg),Pediatric anti-spasmodic and anti-flatulent oral drop for infant colic.,Infants abdominal colic pain,Gas bloat & intestinal spasms,As prescribed by pediatrician based on body weight.,"Drowsiness, Dry mouth",Contraindicated in infants under 6 months without advice.,68,110,8.90E+12,11/7/2028,,,,https://encrypted-tbn0.gstatic.com/images?q=tbn:ANd9GcQRYw7WAiiFUKvhYhNXTe-tdLqOcgvE3s_U7dXcAye8SQ&s=10,,,,,
6a646c4cedb0bc53fabc8514,46,Medicines,Injection,Monocef 1g Injection,Ceftriaxone,Monocef,Aristo Pharmaceuticals,Injectable Solution,1g Vials,Ceftriaxone Sodium (1g),Third-generation cephalosporin broad spectrum antibiotic for severe systemic bacterial infections.,Sepsis & meningitis,Abdominal & typhoid fever infections,Intravenous (IV) or Intramuscular (IM) as directed by doctor.,"Injection site pain, Diarrhea, Eosinophilia",Perform hypersensitivity skin test before administration.,65,300,8.90E+12,2/6/2027,Oframax 1g Injection,Cefzone 1g Injection,,https://encrypted-tbn0.gstatic.com/images?q=tbn:ANd9GcT4mMmK3nyV8LQIU2X_l1-mlO4ffFJJJ0UKR0uef9KNSg&s=10,,,,,
6a646c4cedb0bc53fabc8515,47,Medicines,Injection,Oframax 1g Injection,Ceftriaxone,Oframax,Ranbaxy / Sun Pharma,Injectable Solution,1g Vials,Ceftriaxone Sodium (1g),Parenteral cephalosporin antibiotic targeting susceptible bacterial strains.,Post-operative surgical prophylaxis,Severe pneumonia & pyelonephritis,Slow IV infusion or deep IM injection.,"Thrombophlebitis, Rash",Do not mix with calcium-containing solutions.,62,210,8.90E+12,9/16/2027,Monocef 1g Injection,Cefzone 1g Injection,,https://encrypted-tbn0.gstatic.com/images?q=tbn:ANd9GcRkiyVHL7IuHlCmB4TXWhWHbX_qgh48c2FknRxgGXT3qw&s=10,,,,,
6a646c4cedb0bc53fabc8516,48,Medicines,Injection,Cefzone 1g Injection,Ceftriaxone,Cefzone,Cipla Ltd,Injectable Solution,1g Vials,Ceftriaxone Sodium (1g),Sterile powder for solution for systemic bacterial elimination.,Complicated urinary tract infections,Bone and joint infections,Administered by healthcare professional only.,"Pain at injection site, Nausea",Store below 25°C protected from light.,58,180,8.90E+12,12/10/2026,Monocef 1g Injection,Oframax 1g Injection,,https://encrypted-tbn0.gstatic.com/images?q=tbn:ANd9GcQBfkKZOrecakiCu0CQqTd9UWVJVPumCHlM4xN2r1_lyg&s=10,,,,,
6a646c4cedb0bc53fabc8517,49,Medicines,Injection,Dynapar AQ Injection,Diclofenac,Dynapar,Troikaa Pharmaceuticals,Injectable Solution,75mg/1ml,Diclofenac Sodium (75mg/1ml),Painkiller injection for rapid management of acute moderate to severe pain.,Acute renal colic pain,Post-operative inflammatory pain,Deep Intramuscular (IM) injection into gluteal muscle.,"Injection site soreness, Dizziness, Nausea",Do not administer intravenously unless diluted properly.,30,400,8.90E+12,3/8/2028,Voveran Injection,,,https://encrypted-tbn0.gstatic.com/images?q=tbn:ANd9GcRPK4_8OaWH6I4owsSRlVcH0YZbgG_YdHMUCKtNPayVXw&s=10,,,,,
6a646c4cedb0bc53fabc8518,50,Medicines,Injection,Voveran Injection,Diclofenac,Voveran,Novartis India,Injectable Solution,75mg/3ml,Diclofenac Sodium (75mg/3ml),Potent parenteral NSAID for rapid relief of severe pain.,Severe osteoarthritic exacerbations,Acute gout & orthopedic trauma pain,1 ampoule daily IM under medical supervision.,"Local induration, GI discomfort",Use lowest effective dose for shortest duration.,28,350,8.90E+12,1/7/1930,Dynapar AQ Injection,,,https://encrypted-tbn0.gstatic.com/images?q=tbn:ANd9GcQo_rk6D2IH68aKjTi9mWzXW_rfL4vBgrEZR3lB07u-tA&s=10,,,,,
6a646c4cedb0bc53fabc8519,51,Medicines,Injection,Emeset 2ml Injection,Ondansetron,Emeset,Cipla Ltd,Injectable Solution,2mg/ml (4mg total),Ondansetron Hydrochloride (2mg/ml),Selective 5-HT3 receptor antagonist antiemetic injection.,Chemotherapy-induced nausea & vomiting,Post-operative nausea prevention,Slow IV or IM injection.,"Headache, Constipation, Warmth sensation",Monitor ECG in patients with electrolyte abnormalities.,14,500,8.90E+12,11/27/2026,Ondem Injection,,,https://encrypted-tbn0.gstatic.com/images?q=tbn:ANd9GcSLHlRzNwTWCY9sEVD4pPf0Hz8awbYUwhLCd14ZZHtQ0g&s=10,,,,,
6a646c4cedb0bc53fabc851a,52,Medicines,Injection,Ondem Injection,Ondansetron,Ondem,Alkem Laboratories,Injectable Solution,2mg/ml,Ondansetron Hydrochloride (2mg/ml),Antiemetic solution for control of severe emesis.,Radiation therapy induced vomiting,Post-surgical nausea,4mg to 8mg IV over 2-5 minutes.,"Transient dizziness, Flushing",Do not mix with alkaline solutions in same syringe.,13.5,420,8.90E+12,1/23/2029,Emeset 2ml Injection,,,https://encrypted-tbn0.gstatic.com/images?q=tbn:ANd9GcTa4xn73wWz5-yTbGyNW0-YYg8yJZ9Y1H6Cnv9Fm2GU-g&s=10,,,,,
6a646c4cedb0bc53fabc851b,53,Medicines,Injection,Pantodac 40 IV,Pantoprazole,Pantodac,Zydus Cadila,Injectable Solution,40mg Vial,Pantoprazole Sodium (40mg),Intravenous proton pump inhibitor for hospital critical acid suppression.,Acute gastrointestinal bleeding ulcers,Severe GERD in non-oral candidates,Slow IV injection over 2 to 15 minutes.,"Thrombophlebitis at injection site, Headache",Reconstitute with 0.9% Sodium Chloride Injection only.,50,230,8.90E+12,2/23/2029,Pantocid 40,Pan 40,Pan IV,https://encrypted-tbn0.gstatic.com/images?q=tbn:ANd9GcTyn6it8U-MzbSHOwvwDVbOK2fVgWQmcmUJQ-1sfzXqAA&s=10,,,,,
6a646c4cedb0bc53fabc851c,54,Medicines,Injection,Pan IV,Pantoprazole,Pan,Alkem Laboratories,Injectable Solution,40mg Vial,Pantoprazole Sodium (40mg),Lyophilized powder for IV injection for acute acid peptic conditions.,Prophylaxis of stress ulceration in ICU,Severe reflux esophagitis,40mg IV daily as prescribed.,"Injection site reaction, Diarrhea",Use immediately after reconstitution.,48,260,8.90E+12,1/31/2028,Pantocid 40,Pan 40,Pantodac 40 IV,https://encrypted-tbn0.gstatic.com/images?q=tbn:ANd9GcTwVjIbDejQxvvFKmCMtByfFdyqOnkzUwKxz-HBxe21vw&s=10,,,,,
6a646c56edb0bc53fabc851d,87,Wellness,Men,Men's Daily Multivitamin & Energy,,OptiMale,Vitality Life Sciences Ltd.,,,,"Comprehensive daily multivitamin tailored for men with B-complex vitamins, Zinc, and Saw Palmetto.",Boosts daily vitality and energy levels,Supports muscle function and immunity,1 tablet daily with meals,,,249,150,8.90E+12,5/17/2029,,,,https://encrypted-tbn0.gstatic.com/images?q=tbn:ANd9GcTgNNi0xeE-8wVVI-C4xAkdpc8bemTMHY60Q_38SEJQeQ&s=10,8.90E+12,Mild nausea if taken on an empty stomach,,,
6a646c56edb0bc53fabc851e,88,Wellness,Men,Prostate & Urinary Health Complex,,ProstaGuard,Apex Health Formulations,,,,"Botanical formula with Saw Palmetto extract, Pygeum, and Beta-Sitosterol.",Supports healthy prostate function,Promotes smooth urinary flow,2 capsules daily after dinner,,,399,85,8.90E+12,12/27/2027,,,,https://encrypted-tbn0.gstatic.com/images?q=tbn:ANd9GcTHRGKH1nZPgC5VU9eYXWjocj35Tz4c8U3xTytQ1cHAgw&s,8.90E+12,Mild digestive discomfort in rare cases,,,
6a646c56edb0bc53fabc851f,89,Wellness,Men,Men's Hair & Beard Growth Gummies,,FollicleMax,NutraGlow Organics,,,,Biotin-enriched gummies infused with DHT blockers and Vitamin E for facial hair and scalp care.,Promotes thicker beard and hair growth,Strengthens hair roots and reduces fallout,2 chewable gummies daily,,,349,200,8.90E+12,8/8/1930,,,,https://encrypted-tbn0.gstatic.com/images?q=tbn:ANd9GcR7ka6qAeWc6rgajr9emJr59iaTXybQJY0lLNWOK6rk0w&s=10,8.90E+12,Mild bloating if taken in excess,,,
6a646c56edb0bc53fabc8520,90,Wellness,Men,Active Man Ashwagandha & Shilajit Booster,,HerbaVigor,AyurVita Remedies,,,,Traditional Ayurvedic strength builder with standardized KSM-66 Ashwagandha and purified Shilajit.,Enhances stamina and stress resilience,Supports natural testosterone production,1 capsule twice daily after meals,,,449,110,8.90E+12,5/27/2027,,,,https://encrypted-tbn0.gstatic.com/images?q=tbn:ANd9GcQ65T0YfKCixtjQ62gEQDRrJdFKynpTS3BrhFMopmVBSA&s=10,8.90E+12,Slight body warmth; avoid if hyperthyroid,,,
6a646c56edb0bc53fabc8521,91,Wellness,Women,Women's Daily Active Multivitamin + Iron,,FemmeVital,Vitality Life Sciences Ltd.,,,,"Specially formulated for women with gentle Iron, Folate, Calcium, and Vitamin B12.",Maintains energy levels and hemoglobin count,Supports hormonal balance and immunity,1 tablet daily after breakfast,,,279,180,8.90E+12,9/16/2029,,,,https://encrypted-tbn0.gstatic.com/images?q=tbn:ANd9GcQSBTtdMPNQyLeK78tZS4oD2cmAeBl7BmqXILbhn44D6w&s,8.90E+12,Mild dark stools due to iron content,,,
6a646c56edb0bc53fabc8522,92,Wellness,Women,Prenatal & Postnatal DHA Complex,,MotherCare,BioPharma Wellness,,,,"Clean, mercury-tested Omega-3 DHA with Active Folic Acid (Methylfolate) for expecting mothers.",Supports fetal brain and eye development,Provides essential nutrients during pregnancy,1 softgel daily with water,,,599,95,8.90E+12,4/11/1930,,,,https://encrypted-tbn0.gstatic.com/images?q=tbn:ANd9GcSMYaVhUYkgS4A6UnMeHq5-xIcOBZOsap-WTXfUa_ZGfea1wbhrY7G6YsE&s,8.90E+12,Mild fishy burps,,,
6a646c56edb0bc53fabc8523,93,Wellness,Women,Marine Collagen Peptide & Glow Booster,,SkinRadiance,NutraGlow Organics,,,,Hydrolyzed Type I & III Marine Collagen infused with Hyaluronic Acid and Vitamin C.,Improves skin elasticity and hydration,Strengthens brittle nails and fine hair,1 scoop powder mixed in water daily,,,799,140,8.90E+12,12/26/2029,,,,https://encrypted-tbn0.gstatic.com/images?q=tbn:ANd9GcRn5VRXpePdFRURclSKIagLaa4jeX93e1P97rXz0aCNow&s=10,8.90E+12,Rare mild allergic reaction in fish-sensitive individuals,,,
6a646c56edb0bc53fabc8524,94,Wellness,Women,Calcium + D3 & K2 Bone Support,,OsteoFem,Apex Health Formulations,,,,High-absorption Calcium Citrate Malate formula paired with Vitamin D3 and Vitamin K2 MK-7.,Maintains strong bones and teeth,Enhances calcium absorption and joint mobility,1 tablet twice daily after meals,,,349,160,8.90E+12,10/8/2027,,,,https://encrypted-tbn0.gstatic.com/images?q=tbn:ANd9GcRxL1aXIxObBmM7GZ5fBTu8CmUSGH2CIqibFk0Upnxm4A&s=10,8.90E+12,Mild constipation if hydration is low,,,
6a646c56edb0bc53fabc8525,95,Wellness,Children,Kids Chewable Multivitamin Gummies,,JuniorGlow,NutraGlow Organics,,,,Delicious fruit-flavored gummies packed with 12 essential vitamins and minerals.,Fills nutritional gaps in growing kids,Supports immune defense and vitality,"1 gummy daily (ages 3-6), 2 gummies (ages 7+)",,,299,210,8.90E+12,2/12/2028,,,,https://encrypted-tbn0.gstatic.com/images?q=tbn:ANd9GcRAZfQL5E-hf9IMPTnG_NgNDTWSeFEcyGGOgfaMlUHKSQ&s=10,8.90E+12,None reported when taken within recommended dosage,,,
6a646c56edb0bc53fabc8526,96,Wellness,Children,Kids Omega-3 DHA Smart Gummies,,BrainyKids,BioPharma Wellness,,,,"Plant-based Algal DHA gummies with zero fishy taste, ideal for growing young minds.",Supports cognitive function and memory,Promotes visual health and focus,2 gummies daily,,,399,130,7.39E+12,3/15/1930,,,,https://encrypted-tbn0.gstatic.com/images?q=tbn:ANd9GcSFObp4MPNBYoVEoLRpZd22A9D7FixNcFyWpHK-G_CfPw&s=10,8.90E+12,Mild loose stool if excessive amount consumed,,,
6a646c56edb0bc53fabc8527,97,Wellness,Children,Kids Elderberry & Zinc Immune Syrup,,ImmunoShield,AyurVita Remedies,,,,Natural Black Elderberry syrup enriched with Vitamin C and Zinc for seasonal immunity.,Protects against seasonal cough and cold,Shortens duration of throat irritation,5 ml once daily for children 4+ years,,,249,175,8.90E+12,9/8/2029,,,,https://encrypted-tbn0.gstatic.com/images?q=tbn:ANd9GcSF4WKQuBEVmiEBVHg6OZg5UF5bY_PBgK2Ace-eidvPhA&s=10,8.90E+12,Rare stomach upset if taken empty stomach,,,
6a646c56edb0bc53fabc8528,98,Wellness,Children,Kids Probiotic Powder Packets,,GutBuddy,Vitality Life Sciences Ltd.,,,,Unflavored probiotic powder with 5 billion CFU across 4 kid-safe strains.,Promotes healthy digestion and gut balance,Relieves occasional constipation and gas,1 sachet mixed in cold beverage daily,,,349,90,8.90E+12,9/28/1930,,,,https://encrypted-tbn0.gstatic.com/images?q=tbn:ANd9GcT3twKj5EM0iZFNmRA9kkpJ22fM_xWOPW2ElXWXXlEThw&s=10,8.90E+12,Temporary mild gas during initial 3 days,,,
6a646c56edb0bc53fabc8529,99,Wellness,Senior Citizen,Senior 50+ Complete Multivitamin & Mineral,,SilverCare,Vitality Life Sciences Ltd.,,,,"Tailored for adults over 50, containing high B12, Vitamin D, Lutein, and CoQ10.","Supports heart, eye, and brain health",Sustains natural energy in active seniors,1 tablet daily after lunch,,,449,145,8.90E+12,8/8/2027,,,,https://encrypted-tbn0.gstatic.com/images?q=tbn:ANd9GcQakvKCGgRxKgAEokiqtN7vUEGxADsTtmtIcLGO6dercQ&s=10,8.90E+12,Mild stomach discomfort if taken without food,,,
6a646c56edb0bc53fabc852a,100,Wellness,Senior Citizen,Joint Support Glucosamine & Chondroitin,,FlexiJoint,Apex Health Formulations,,,,"Advanced joint relief formula combining Glucosamine Sulfate, Chondroitin, MSM, and Boswellia.",Relieves joint stiffness and discomfort,Promotes cartilage repair and flexibility,2 tablets daily with meals,,,399,125,8.90E+12,11/3/2029,,,,https://encrypted-tbn0.gstatic.com/images?q=tbn:ANd9GcRgzJGiHdHwU5JSGmE70kr-kzkUpegnK1Ln9gsH9R0huw&s,8.90E+12,Mild heartburn or nausea in sensitive stomachs,,,
6a646c56edb0bc53fabc852b,101,Wellness,Senior Citizen,CoQ10 200mg Heart & Vascular Health,,CardioMax,BioPharma Wellness,,,,Bioavailable Ubiquinone CoQ10 enriched with Piperine for maximum absorption.,Supports cellular energy and heart function,Maintains healthy blood pressure levels,1 softgel daily after morning meal,,,599,80,8.90E+12,2/14/2027,,,,https://encrypted-tbn0.gstatic.com/images?q=tbn:ANd9GcRrujFXSPXbDNrrC1haTzuSnl1mXkt5zZen4qwmQTWkEA&s,8.90E+12,Insomnia if taken late at night,,,
6a646c56edb0bc53fabc852c,102,Wellness,Senior Citizen,Vision Shield Lutein & Zeaxanthin,,OcuProtect,Apex Health Formulations,,,,Clinical dose of Lutemax 2020 Lutein and Zeaxanthin with Bilberry extract.,Protects macula from age-related strain,Filters harmful blue light and reduces eye fatigue,1 softgel daily,,,449,105,8.90E+12,1/3/2028,,,,https://encrypted-tbn0.gstatic.com/images?q=tbn:ANd9GcQhCSM0wb5MEDSg5pd24mUzJZAo7svYUUiF5VZcodcRsg&s=10,8.90E+12,Harmless skin yellowing at very high unrecommended doses,,,
6a646c67edb0bc53fabc852d,62,Cosmetics,Skin,Hydrating Hyaluronic Acid Serum,,DernaGlow,Aura Cosmetics Ltd.,,,,"Deeply hydrating facial serum infused with triple-weight hyaluronic acid and vitamin B5 for plump, glowing skin.",,,,,,599,250,8.90E+12,7/22/2026,,,,https://encrypted-tbn0.gstatic.com/images?q=tbn:ANd9GcTsq1UiZbZprPBSjMI95X6IPAlaHDF-US7OwhiJnNWQ9g&s=10,,,"All skin types, especially dry and dehydrated skin",,
6a646c67edb0bc53fabc852e,63,Cosmetics,Skin,Niacinamide 10% + Zinc Pore Refining Serum,,PureBotanica,Apex Beauty Labs,,,,"Targeted serum that balances sebum production, reduces dark spots, and visibly tightens enlarged pores.",,,,,,449,180,8.90E+12,8/13/2029,,,,https://encrypted-tbn0.gstatic.com/images?q=tbn:ANd9GcQbl_zHPnB_ioHZtPv5JWCqTCQZB1gITk34K9E32xZXNoWrbVTF7poTmo0&s,,,"Oily, acne-prone, and combination skin",,
6a646c67edb0bc53fabc852f,64,Cosmetics,Skin,Gentle Cica & Ceramides Soothing Cleanser,,SkinBalance,BioDerma Formulations,,,,Non-foaming cream cleanser that cleanses impurities while repairing the natural skin barrier with Centella Asiatica.,,,,,,399,210,8.90E+12,10/11/2029,,,,https://encrypted-tbn0.gstatic.com/images?q=tbn:ANd9GcRKgT5FTTgNgetbSgeeXCU0mlIVblX5q0QSPAGve-ZjDA&s=10,,,"Sensitive, reactive, and compromised skin barriers",,
6a646c67edb0bc53fabc8530,65,Cosmetics,Skin,Retinol 0.5% Night Repair Cream,,YouthEssence,Aura Cosmetics Ltd.,,,,"Nourishing night cream with micro-encapsulated retinol to smooth fine lines, boost collagen, and improve skin texture.",,,,,,649,140,8.90E+12,10/3/2026,,,,https://encrypted-tbn0.gstatic.com/images?q=tbn:ANd9GcQQOj61ab--KsNcNg169LQx85XDYaGT9tBPNJ8FXVpygg&s,,,Mature skin and early signs of aging,,
6a646c67edb0bc53fabc8531,66,Cosmetics,Skin,Invisible Sunscreen Gel SPF 50 PA++++,,SunShield,SunCare Innovations,,,,"Ultra-lightweight, zero white-cast gel sunscreen offering broad-spectrum UVA/UVB protection with an oil-free finish.",,,,,,549,300,8.90E+12,2/22/2029,,,,https://encrypted-tbn0.gstatic.com/images?q=tbn:ANd9GcTlOVFSUv2hfWeiP_0QoKYFoRlrTcyaZPV8L18SGO6jDA&s=10,,,"All skin tones, sensitive and acne-prone skin",,
6a646c67edb0bc53fabc8532,67,Cosmetics,Hair,Argan & Keratin Intense Repair Hair Mask,,SilkStrands,LuxeCare Personal Products,,,,Deep conditioning treatment enriched with organic Moroccan Argan Oil and Keratin proteins to restore shine and strength.,,,,,,449,165,8.90E+12,2/19/1930,,,,https://encrypted-tbn0.gstatic.com/images?q=tbn:ANd9GcQBsYYYh-ibWGou-Zz25zWn06rXYEK9qqSbUD5qpp3DDQ&s,,,"Dry, damaged, and chemically treated hair",,
6a646c67edb0bc53fabc8533,68,Cosmetics,Hair,Scalp Exfoliator & Anti-Dandruff Scrub,,ScalpRoot,BioDerma Formulations,,,,Clarifying scalp scrub formulated with Tea Tree Oil and Salicylic Acid to gently detoxify and eliminate buildup.,,,,,,349,120,8.90E+12,8/17/1930,,,,https://encrypted-tbn0.gstatic.com/images?q=tbn:ANd9GcQhnEVet-B20a7kUe95OwGOgYy57VjUSCf14kEKTQasng&s,,,"Flaky, oily, and itchy scalps",,
6a646c67edb0bc53fabc8534,69,Cosmetics,Hair,Rosemary & Biotin Hair Growth Serum,,FollicleBoost,Apex Beauty Labs,,,,Lightweight Leave-in scalp tonic with cold-pressed Rosemary extract and Biotin to stimulate hair follicles and density.,,,,,,599,220,8.90E+12,2/5/2027,,,,https://encrypted-tbn0.gstatic.com/images?q=tbn:ANd9GcStaTU4dxtziFGJ-V_pSQpKcv3yNFIQQqv--h7a9lCxpQ&s,,,Thinning hair and receding hair lines,,
6a646c67edb0bc53fabc8535,70,Cosmetics,Hair,Sulfate-Free Moisture Lock Shampoo,,PureBotanica,Apex Beauty Labs,,,,Gentle cleansing shampoo infused with Coconut Water and Aloe Vera to cleanse without stripping natural scalp moisture.,,,,,,399,280,8.90E+12,5/2/2028,,,,https://encrypted-tbn0.gstatic.com/images?q=tbn:ANd9GcQqarpT6GBqlNZjNsh3ko8vpMX-0LqEd8uX1JekRLBgQw&s,,,"Frizzy, color-treated, and wavy/curly hair",,
6a646c67edb0bc53fabc8536,71,Cosmetics,Hair,Heat Protectant & Frizz Control Spray,,SilkStrands,LuxeCare Personal Products,,,,Weightless thermal barrier spray enriched with Jojoba oil that guards hair against styling heat and humidity frizz.,,,,,,449,195,8.90E+12,12/5/2028,,,,https://encrypted-tbn0.gstatic.com/images?q=tbn:ANd9GcSBr7T8bS0M2jfUKLyiyBFoujXK7CXhMA2xjuVAkDwo8Q&s,,,Heat-styled hair (up to 230°C / 450°F),,
6a646c67edb0bc53fabc8537,72,Cosmetics,Feet,Intense Heel Repair Cream with 10% Urea,,Pedicare,FootHealth Labs,,,,Fast-acting moisturizing ointment with Urea and Shea Butter to soften deep fissures and tough skin on feet.,,,,,,299,175,8.90E+12,5/2/2029,,,,https://encrypted-tbn0.gstatic.com/images?q=tbn:ANd9GcR7AfkwGFXyJDdV1mwuhmrxNUc-oQ2M4vOAxbcAMV2-ZQ&s,,,"Cracked, rough, and calloused heels",,
6a646c67edb0bc53fabc8538,73,Cosmetics,Feet,Exfoliating Foot Peel Mask Booties,,SmoothSole,Aura Cosmetics Ltd.,,,,Single-use sock mask formulated with AHA/BHA fruit acids that shed dead skin layers within 7-10 days.,,,,,,349,210,8.90E+12,2/12/1930,,,,https://encrypted-tbn0.gstatic.com/images?q=tbn:ANd9GcQuKXzOv7o4h-eZYoBKDCg-oeu_SKzNEyNdBNw8Db9fkQ&s=10,,,Thick dead skin and calloused feet,,
6a646c67edb0bc53fabc8539,74,Cosmetics,Feet,Peppermint & Tea Tree Cooling Foot Scrub,,Pedicare,FootHealth Labs,,,,Pumice-infused scrub with refreshing Peppermint and antibacterial Tea Tree oil to exfoliate and revive tired feet.,,,,,,249,130,8.90E+12,4/1/1930,,,,https://encrypted-tbn0.gstatic.com/images?q=tbn:ANd9GcSsFnwi1kkE5w5vVNkEbbsxZmY0A7SEQzJGnW7_Z8OxUg&s,,,"Tired, swollen, and odor-prone feet",,
6a646c67edb0bc53fabc853a,75,Cosmetics,Feet,Antifungal & Deodorizing Foot Spray,,FreshStep,SunCare Innovations,,,,Quick-drying antiperspirant and antimicrobial spray that eliminates shoe odor and guards against fungal infections.,,,,,,299,240,8.90E+12,5/28/2027,,,,https://encrypted-tbn0.gstatic.com/images?q=tbn:ANd9GcSKX-iDd5tDXoYaW7zOpuSmAQZiHbEw3imv5N62SpKx6A&s,,,Athletes and daily closed-shoe wearers,,
6a646c67edb0bc53fabc853b,76,Cosmetics,Feet,Soothing Foot Soak Salts with Epsom & Lavender,,SmoothSole,Aura Cosmetics Ltd.,,,,"Mineral-rich Epsom salt soak infused with Lavender essential oil to relieve soreness, swelling, and muscle tension.",,,,,,349,115,8.90E+12,3/24/2029,,,,https://encrypted-tbn0.gstatic.com/images?q=tbn:ANd9GcTSV4vwWK18XVplQmGQ9deWoK9y16DsbKc8ChHhI4bIzQ&s,,,Aching feet and spa relaxation,,
6a646c67edb0bc53fabc853c,77,Cosmetics,Hands,Velvet Touch Anti-Aging Hand Cream,,HandNourish,LuxeCare Personal Products,,,,"Non-greasy hand treatment with Niacinamide, Vitamin E, and Rosehip oil to lighten age spots and smooth texture.",,,,,,399,260,8.90E+12,4/30/2029,,,,https://encrypted-tbn0.gstatic.com/images?q=tbn:ANd9GcSvE7ViDxJEZRTyKpN-yIWiPXjHFQ-f8H1OxkJguUVu7g&s,,,"Dry, wrinkled hands and sun-exposed skin",,
6a646c67edb0bc53fabc853d,78,Cosmetics,Hands,Cuticle & Nail Repair Treatment Oil,,NailVital,Apex Beauty Labs,,,,Penetrating oil rollerball with Sweet Almond Oil and Vitamin E that strengthens weak nails and heals ragged cuticles.,,,,,,249,150,8.90E+12,2/21/1930,,,,https://encrypted-tbn0.gstatic.com/images?q=tbn:ANd9GcTLOw35-tuyzg7zX3stmtlCT-HQlHXjgH4Oo0b26hfgxQ&s=10,,,Brittle nails and cracked cuticles,,
6a646c67edb0bc53fabc853e,79,Cosmetics,Hands,Antibacterial Moisturizing Hand Wash,,CleanHands,BioDerma Formulations,,,,Mild hand soap blended with Aloe Vera and Chamomile to kill germs while retaining natural skin hydration.,,,,,,199,310,8.90E+12,12/15/1930,,,,https://encrypted-tbn0.gstatic.com/images?q=tbn:ANd9GcT__i8QpQ4i7cNc7L5amEK74Shtfu6SSR3KgS0CbOFw7g&s=10,,,Frequent hand washing and sensitive skin,,
6a646c67edb0bc53fabc853f,80,Cosmetics,Hands,Overnight Intensive Hand Mask Gloves,,HandNourish,LuxeCare Personal Products,,,,Hydrating glove mask infused with Shea butter and Macadamia oil for deep overnight skin rejuvenation.,,,,,,449,0,8.90E+12,8/5/2026,,,,https://encrypted-tbn0.gstatic.com/images?q=tbn:ANd9GcRjpd41Q64PkjbteV841JDfQ0P66_fmvNp7qcFxNwaVwg&s=10,,,Severely dehydrated and overworked hands,,
6a646c67edb0bc53fabc8540,81,Cosmetics,Hands,Gentle Sugar Exfoliating Hand Polish,,NailVital,Apex Beauty Labs,,,,Natural fine-grain sugar scrub blended with Coconut Oil to buff away dead cells and leave hands silky smooth.,,,,,,299,140,8.90E+12,11/30/1930,,,,https://encrypted-tbn0.gstatic.com/images?q=tbn:ANd9GcSO3Ru3HHG57Sf2F1bJAug9t5C-fhPe0tsS5hTxk20kSWihK9L-t5LU92I&s=10,,,"Rough, dull, and dry skin on hands",,
6a646c67edb0bc53fabc8541,82,Cosmetics,Teeth,Advanced Charcoal Teeth Whitening Powder,,SmileBright,OralCare Formulations,,,,Activated coconut charcoal powder that gently lifts surface stains and polishes enamel for a brighter smile.,,,,,,349,200,8.90E+12,8/13/2029,,,,https://encrypted-tbn0.gstatic.com/images?q=tbn:ANd9GcTLIK2Db8_RKsU9y3LHB7SKfQFKcacYhMqdFEHtg24-eg&s=10,,,"Stained teeth from coffee, tea, or smoking",,
6a646c67edb0bc53fabc8542,83,Cosmetics,Teeth,Sensitivity Relief Nano-Hydroxyapatite Toothpaste,,DentiCare,OralCare Formulations,,,,Fluoride-free remineralizing toothpaste powered by Nano-Hydroxyapatite to seal exposed dentin tubules.,,,,,,299,275,8.90E+12,12/18/2028,,,,https://encrypted-tbn0.gstatic.com/images?q=tbn:ANd9GcQ3Co8JcFH1GYvnef8uMrFj3Stv91wVpcgjbLcFa-eybQ&s=10,,,Sensitive teeth and weak enamel,,
6a646c67edb0bc53fabc8543,84,Cosmetics,Teeth,Natural Mint Oil Pulling Mouthwash,,SmileBright,OralCare Formulations,,,,"Ayurvedic blend of virgin Coconut oil, Spearmint, and Peppermint to detoxify gums and eliminate bad breath.",,,,,,249,160,8.90E+12,11/1/2028,,,,https://encrypted-tbn0.gstatic.com/images?q=tbn:ANd9GcSZeIwN8xZ0duUyGJn_DiM8XLYDKbT4CsMErI_Tw5cCrw&s=10,,,"Gum health, fresh breath, and plaque control",,
6a646c67edb0bc53fabc8544,85,Cosmetics,Teeth,Papain Enzyme Teeth Whitening Pen,,PearlsGlow,Apex Beauty Labs,,,,Precision applicator brush with gentle Papaya fruit enzymes and Hydrogen Peroxide for quick touch-up whitening.,,,,,,399,190,8.90E+12,8/22/2029,,,,https://encrypted-tbn0.gstatic.com/images?q=tbn:ANd9GcQh7spRniouEWFMK1POTKqTB5KEzr7PmAnpRMHYx80W5w&s,,,On-the-go spot whitening without sensitivity,,
6a646c67edb0bc53fabc8545,86,Cosmetics,Teeth,Gum Protection Probiotic Oral Gel,,DentiCare,OralCare Formulations,,,,Targeted soothing gel infused with oral probiotics and Hyaluronic Acid to strengthen delicate gum tissue.,,,,,,279,135,8.90E+12,10/4/1930,,,,https://encrypted-tbn0.gstatic.com/images?q=tbn:ANd9GcRNNmrnzw5Z1XadP2kxZdgQL_l-QrdPNOEK7lagtrzqug&s,,,"Bleeding gums, gingivitis, and oral microbiome support",,
6a646c77edb0bc53fabc8547,55,Medical Tools,Medical Tools,Digital Stethoscope,,3M Littmann,3M Company,,,,High-precision electronic stethoscope with active noise cancellation and digital sound amplification up to 40x.,Auscultation of heart and lung sounds in pediatric and adult patients,Detection and recording of vascular bruits and faint cardiac murmurs,,,Keep away from strong magnetic fields. Do not immerse in liquids.,299.99,15,8.90E+12,,,,,https://encrypted-tbn0.gstatic.com/images?q=tbn:ANd9GcQ8IHX9-1cYigYDSMU86mGxG_uKyVmONLIRW0G4P38oDg&s=10,,,,,
6a646c77edb0bc53fabc8548,56,Medical Tools,Medical Tools,Digital Blood Pressure Monitor,,Omron,Omron Healthcare Inc.,,,,Upper arm blood pressure monitor featuring dual-check system and irregular heartbeat detection.,Daily monitoring of systolic and diastolic blood pressure at home or in clinics,Tracking resting pulse rate and identifying irregular heartbeat patterns,,,Rest 5 minutes before taking reading. Ensure correct cuff sizing to avoid inaccurate readings.,64.5,32,8.90E+12,,,,,https://encrypted-tbn0.gstatic.com/images?q=tbn:ANd9GcR2OrD3PECl74qP6_lGrshVCiLXGeR9jWUdr0HEN9tEBQ&s=10,,,,,
6a646c77edb0bc53fabc8549,57,Medical Tools,Medical Tools,Blood Glucose Meter,,Accu-Chek,Roche Diabetes Care,,,,Fast 4-second result glucose testing kit requiring minimal blood sample size (0.6 microliters).,Quantitative measurement of glucose in fresh capillary whole blood,Self-testing for daily diabetes tracking and glycemic control management,,,For single-patient use only. Do not reuse test strips or lancets.,38.2,45,8.90E+12,,,,,https://encrypted-tbn0.gstatic.com/images?q=tbn:ANd9GcRio0dY344kgT5MSqDzXMnoAlWI339quzX_OXcJYyp-6A&s,,,,,
6a646c77edb0bc53fabc854a,58,Medical Tools,Medical Tools,Fingertip Pulse Oximeter,,Beurer,Beurer GmbH,,,,Compact pulse oximeter for measuring arterial oxygen saturation (SpO2) and heart rate.,Non-invasive spot-checking of arterial oxygen saturation (SpO2),Monitoring pulse rates during respiratory illness or high-altitude activities,,,Nail polish or artificial nails may cause inaccurate readings. Avoid excessive movement.,29.95,50,8.90E+12,,,,,"https://m.media-amazon.com/images/I/61v8FFij2RL._AC_UF1000,1000_QL80_.jpg",,,,,
6a646c77edb0bc53fabc854b,59,Medical Tools,Medical Tools,Compressor Nebulizer,,Philips Respironics,Koninklijke Philips N.V.,,,,Heavy-duty aerosol drug delivery system with SideStream technology for fast treatment times.,"Inhalation drug therapy for asthma, COPD, and bronchitis management",Aerosolized administration of liquid medications into lower airways,,,Clean mouthpiece and tubing after every use to prevent bacterial contamination.,54.99,20,12345678,,,,,https://encrypted-tbn0.gstatic.com/images?q=tbn:ANd9GcTmd5b6VP9jfWtZjXM71bsN_Yr4Deuz01Z2fPTN8uRJrQ&s=10,,,,,
6a646c77edb0bc53fabc854c,60,Medical Tools,Medical Tools,Infrared Forehead Thermometer,,Braun,Helen of Troy / Braun,,,,No-touch forehead thermometer with color-coded fever guidance display and age-precision settings.,"Non-contact body temperature measurement for infants, children, and adults",Hygienic quick temperature screening without surface contact or disposable covers,,,Keep sensor lens clean and free of dirt. Ensure forehead is clear of sweat or cosmetics.,42,28,8.90E+12,,,,,https://encrypted-tbn0.gstatic.com/images?q=tbn:ANd9GcRJ-eJ763zOM3ViDsfvGXki_HKsJFayWQXV68vfJg_Png&s=10,,,,,
6a646c77edb0bc53fabc854d,61,Medical Tools,Medical Tools,Surgical Iris Scissors,,Sklar Instruments,Sklar Surgical Instruments,,,,4.5-inch stainless steel curved surgical scissors engineered with micro-sharp blades for delicate procedures.,Precise soft tissue dissection and ophthalmic surgical procedures,Fine suture trimming and delicate clinical wound management,,,Autoclave or sterilize thoroughly before and after clinical procedures. Sharp edges.,18.75,0,8.90E+12,,,,,https://encrypted-tbn0.gstatic.com/images?q=tbn:ANd9GcQXawndsXqLgDyzl0_P8Kp37PR439lJB1Dcomyh5o21OA&s,,,,,
6a646c88edb0bc53fabc854f,103,First Aid,First Aid Supply,Dolo 650,Paracetamol,Dolo,Micro Labs Ltd,Tablet,650mg,Paracetamol (650mg),Relieves fever and mild-to-moderate pain.,,,Use as directed by your physician.,Nausea|Allergic reactions (rare),Do not exceed the recommended dose.|Keep out of reach of children.,30,150,8.90E+12,9/17/2028,,,,https://encrypted-tbn0.gstatic.com/images?q=tbn:ANd9GcR7ikQ4rwETahP14bu3Uk-Tc0KJyK6NjWawZ6Ccn6KhfA&s=10,,,,Fever|Headache|Body Ache,Mountain|Beach|Camping|Roadtrip
6a646c88edb0bc53fabc8550,104,First Aid,First Aid Supply,Combiflam,Ibuprofen + Paracetamol,Combiflam,Sanofi India,Tablet,400mg/325mg,Ibuprofen (400mg) + Paracetamol (325mg),"Relieves pain, inflammation and fever, useful for sprains and muscle strain.",,,Use as directed by your physician.,Stomach upset|Dizziness|Heartburn,Avoid on empty stomach.|Not for people with ulcers or kidney issues.,40,120,8.90E+12,12/5/2028,,,,https://encrypted-tbn0.gstatic.com/images?q=tbn:ANd9GcSYV2xVfwOO3gbw9p8m_Uxd5d-4mj_16qBr37cz32fZZg&s=10,,,,Body Ache|Sprain Pain|Fever|Toothache,Mountain|Camping|Roadtrip
6a646c88edb0bc53fabc8551,105,First Aid,First Aid Supply,Cetrizine,Cetirizine,Cetrizine,Cipla,Tablet,10mg,Cetirizine Hydrochloride (10mg),Antihistamine used to relieve allergy symptoms.,,,Use as directed by your physician.,Drowsiness|Dry mouth,"May cause drowsiness, avoid driving after use.|Not recommended for children under 2 years.",25,100,8.90E+12,3/25/2028,,,,https://encrypted-tbn0.gstatic.com/images?q=tbn:ANd9GcTzH6MxKDZqwcUhV2xUlsEMPMVBP1kYeEsPKFyL3J7JiQ&s=10,,,,Allergies|Insect Bite Reaction|Sneezing|Itching,Mountain|Beach|Camping|Roadtrip
6a646c88edb0bc53fabc8552,106,First Aid,First Aid Supply,Electral ORS,Oral Rehydration Salts,Electral,FDC Ltd,Powder Sachet,21.8g/sachet,"Sodium Chloride, Potassium Chloride, Sodium Citrate, Dextrose",Replenishes fluids and electrolytes lost due to dehydration.,,,Dissolve one sachet in 1 litre of clean water; drink as needed.,Bloating (rare),Use clean drinking water only.|Consult a doctor for infants.,20,200,8.90E+12,5/29/2028,,,,https://encrypted-tbn0.gstatic.com/images?q=tbn:ANd9GcS5LqGaHepVaHEpedY0wMUGpleFvy5lG6AJlyK942614g&s=10,,,,Dehydration|Heat Exhaustion|Diarrhea|Vomiting,Mountain|Beach|Camping|Roadtrip
6a646c88edb0bc53fabc8553,107,First Aid,First Aid Supply,Eldoper,Loperamide,Eldoper,Cipla,Tablet/Capsule,2mg,Loperamide Hydrochloride (2mg),Used to control sudden diarrhea (traveler's diarrhea).,,,Use as directed by your physician.,Constipation|Dizziness|Dry mouth,Do not use for more than 2 days without medical advice.|Avoid in case of bloody stools or high fever.,22,90,8.90E+12,4/3/2028,,,,https://encrypted-tbn0.gstatic.com/images?q=tbn:ANd9GcTvq8IfGK1k-3XyQUnFLa_UepyMJogo8goLB38zr_ps8w&s=10,,,,Diarrhea|Traveler's Diarrhea,Camping|Roadtrip|Mountain
6a646c88edb0bc53fabc8554,108,First Aid,First Aid Supply,Digene,Antacid (Magaldrate + Simethicone),Digene,Abbott,Chewable Tablet,400mg/20mg,Magaldrate (400mg) + Simethicone (20mg),"Relieves acidity, gas and indigestion.",,,Chew 1-2 tablets as directed by your physician.,Mild constipation|Diarrhea (rare),Not for long-term regular use without medical advice.,35,110,8.90E+12,1/5/2028,,,,https://encrypted-tbn0.gstatic.com/images?q=tbn:ANd9GcT4CZMXOb-j9F4Oou0OBgGeoMwIg9q5Zgy6v_QGgfe_CQ&s=10,,,,Acidity|Indigestion|Gas|Bloating,Roadtrip|Camping|Mountain|Beach
6a646c88edb0bc53fabc8555,109,First Aid,First Aid Supply,Avomine,Promethazine,Avomine,RPG Life Sciences,Tablet,25mg,Promethazine Theoclate (25mg),"Prevents and treats motion sickness, nausea and vomiting.",,,"Use as directed by your physician, usually before travel.",Drowsiness|Dry mouth|Blurred vision,Causes drowsiness; avoid driving.|Not for children under 5 years.,18,0,8.90E+12,7/26/2027,,,,https://encrypted-tbn0.gstatic.com/images?q=tbn:ANd9GcRHK_ynDQWMf9MMlgG1NkjVJgAkgAIznB0hVFFHyng44Q&s,,,,Motion Sickness|Nausea|Vomiting,Roadtrip|Beach
6a646c88edb0bc53fabc8556,110,First Aid,First Aid Supply,Diamox,Acetazolamide,Diamox,Wyeth/Pfizer,Tablet,250mg,Acetazolamide (250mg),Used to prevent and reduce symptoms of altitude sickness.,,,"Use only as prescribed by your physician, typically started a day before ascent.",Tingling in fingers/toes|Increased urination|Nausea,Prescription required.|Not recommended for people with sulfa allergy or kidney disease.,45,60,8.90E+12,7/9/2027,,,,https://encrypted-tbn0.gstatic.com/images?q=tbn:ANd9GcT6gJLlIRmB-BYscepnLYdZs_sMC_GH8kWfACk3_OfYCA&s=10,,,,Altitude Sickness|High-Altitude Headache,Mountain
6a646c88edb0bc53fabc8557,111,First Aid,First Aid Supply,Betadine Ointment,Povidone Iodine,Betadine,Win-Medicare,Ointment,5% w/w,Povidone Iodine (5% w/w),"Antiseptic used to prevent infection in minor cuts, wounds and burns.",,,Apply a thin layer on the affected area 2-3 times a day.,Skin irritation (rare)|Allergic reaction (rare),For external use only.|Avoid contact with eyes.,55,80,8.90E+12,7/7/2027,,,,https://encrypted-tbn0.gstatic.com/images?q=tbn:ANd9GcTDubcIpqypvoWHNYcp4_AjnA5LYVzTJZ9B-NiFCl07YQ&s=10,,,,Cuts|Wounds|Minor Burns|Scrapes,Mountain|Beach|Camping|Roadtrip
6a646c88edb0bc53fabc8558,112,First Aid,First Aid Supply,Silverex Burn Cream,Silver Sulfadiazine,Silverex,Ranbaxy,Cream,1% w/w,Silver Sulfadiazine (1% w/w),Used for prevention and treatment of infection in minor burns.,,,Apply a thin layer on the affected area once or twice daily.,Burning sensation|Itching,For external use only.|Not for deep or extensive burns without medical care.,65,70,8.90E+12,11/7/2026,,,,https://encrypted-tbn0.gstatic.com/images?q=tbn:ANd9GcRb7aAQD2GIeIVTMDzUgi-ktz5jzmNDtzCHugloTIJxcA&s=10,,,,Sunburn|Minor Burns,Beach|Mountain|Camping
6a646c88edb0bc53fabc8559,113,First Aid,First Aid Supply,Volini Spray,Diclofenac + Menthol + Linseed Oil,Volini,Sun Pharma,Spray,,Diclofenac Diethylamine + Methyl Salicylate + Menthol,"Relieves muscle and joint pain, sprains and stiffness.",,,Spray on the affected area 3-4 times a day.,Skin irritation (rare),For external use only.|Avoid on broken or damaged skin.,195,60,8.90E+12,11/28/2026,,,,https://encrypted-tbn0.gstatic.com/images?q=tbn:ANd9GcSffKGmcAeSFWS9tkAEdf1_qy-Fj-4DNgho4z7ON3NZhQ&s=10,,,,Muscle Pain|Sprain|Joint Pain|Back Pain,Mountain|Camping|Roadtrip
6a646c88edb0bc53fabc855a,114,First Aid,First Aid Supply,Zofer,Ondansetron,Zofer,Cipla,Tablet,4mg,Ondansetron (4mg),Used to prevent and treat nausea and vomiting.,,,Use as directed by your physician.,Headache|Constipation|Fatigue,Prescription recommended for regular use.|Inform doctor if you have heart rhythm issues.,32,50,8.90E+12,9/29/2028,,,,https://encrypted-tbn0.gstatic.com/images?q=tbn:ANd9GcSznfERlyeGsefNQWdXfu-sm9EL1tryoGjuZZZbovNuyA&s,,,,Nausea|Vomiting|Motion Sickness,Roadtrip|Mountain|Beach
6a646c88edb0bc53fabc855b,115,First Aid,First Aid Supply,Adhesive Bandages,,Band-Aid,Johnson & Johnson,Bandage Strip,,,Sterile adhesive strips used to cover and protect minor cuts and blisters.,,,Clean wound and apply bandage as needed.,Skin irritation from adhesive (rare),Not for deep wounds.|Replace regularly to keep the wound clean.,45,300,8.90E+12,12/3/1930,,,,https://encrypted-tbn0.gstatic.com/images?q=tbn:ANd9GcQwJHcipOrFLTpTXjWsJ3G4mXcBiroji0XqHoUO_zxacg&s=10,,,,Minor Cuts|Blisters|Scrapes,Mountain|Beach|Camping|Roadtrip
6a646c88edb0bc53fabc855c,116,First Aid,First Aid Supply,Crepe Bandage,,GNC Crepe,GNC Healthcare,Roller Bandage,4 inch,,"Used for supportive wrapping of sprains, strains and to secure dressings.",,,Wrap firmly but not too tight around the affected area.,Numbness if wrapped too tight,Do not wrap too tightly to avoid cutting circulation.,60,100,8.90E+12,2/3/2027,,,,https://encrypted-tbn0.gstatic.com/images?q=tbn:ANd9GcQQCJEFNh_1ulOs4uCzA3ZRjFZ4ZgPZInoAh__qzpcq9g&s=10,,,,Sprains|Strains|Securing Dressings,Mountain|Camping|Roadtrip
6a646c88edb0bc53fabc855d,117,First Aid,First Aid Supply,Savlon Antiseptic Liquid,Chlorhexidine + Cetrimide,Savlon,ITC Limited,Liquid,1.5%w/v + 3%w/v,Chlorhexidine Gluconate + Cetrimide,"Used to clean and disinfect wounds, cuts and grazes.",,,Dilute as per label instructions and clean the affected area.,Skin irritation (rare),Not for ingestion.|Avoid contact with eyes.,75,90,8.90E+12,10/29/2026,,,,https://encrypted-tbn0.gstatic.com/images?q=tbn:ANd9GcQOF-AeIVvxswOJo3uikQI0GLl8MwvkGaVIc1wBlwloDwHVFRE33mioxKc&s=10,,,,Wound Cleaning|Cuts|Grazes|Disinfection,Mountain|Beach|Camping|Roadtrip
6a646c88edb0bc53fabc855e,118,First Aid,First Aid Supply,Odomos Insect Repellent,Diethyltoluamide (DEET),Odomos,Dabur,Cream/Lotion,10% w/w,"N,N-Diethyl-m-toluamide (10% w/w)","Repels mosquitoes and insects, reducing risk of insect-borne illness.",,,Apply on exposed skin every 4-6 hours as needed.,Skin irritation (rare),For external use only.|Avoid application near eyes and mouth.,60,150,8.90E+12,2/3/2029,,,,https://encrypted-tbn0.gstatic.com/images?q=tbn:ANd9GcR9yxj-0hh4NMniW2eg5DO8ON3sop1Wi1DAYf6bVgFJbw&s=10,,,,Mosquito Bite Prevention|Insect Bite Prevention,Mountain|Beach|Camping
6a646c88edb0bc53fabc855f,119,First Aid,First Aid Supply,Sunscreen SPF 50,,Neutrogena Ultra Sheer,Johnson & Johnson,Lotion,SPF 50,"Avobenzone, Octocrylene, Homosalate",Protects skin from UV rays and reduces risk of sunburn.,,,Apply generously 15-20 minutes before sun exposure; reapply every 2 hours.,Skin irritation (rare)|Allergic reaction (rare),For external use only.|Avoid contact with eyes.,450,50,8.90E+12,2/22/2028,,,,https://encrypted-tbn0.gstatic.com/images?q=tbn:ANd9GcSDreYYlh0Yh95_BOaN68y9GG97snTle6q_tLOud9lVuw&s,,,,Sunburn Prevention|UV Protection,Beach|Mountain|Roadtrip
6a646c88edb0bc53fabc8560,120,First Aid,First Aid Supply,Norflox TZ,Norfloxacin + Tinidazole,Norflox TZ,Cipla,Tablet,400mg/600mg,Norfloxacin (400mg) + Tinidazole (600mg),Used to treat bacterial and parasitic infections causing diarrhea.,,,Use only as prescribed by your physician.,Nausea|Stomach upset|Dizziness,Prescription required.|Avoid alcohol while on this medicine.,85,40,8.90E+12,4/13/1930,,,,https://encrypted-tbn0.gstatic.com/images?q=tbn:ANd9GcSBturgXbpKw6d1tyhslTaXhK0EuvWLe5KKiOA0baxCjQ&s=10,,,,Traveler's Diarrhea|Bacterial Gut Infection,Camping|Roadtrip
6a646c88edb0bc53fabc8561,121,First Aid,First Aid Supply,Digital Thermometer,,Dr. Trust,Dr. Trust India,Device,,,Used to measure body temperature accurately to detect fever.,,,Place under tongue/armpit for 60-90 seconds to record temperature.,,Handle with care.|Clean before and after each use.,250,40,8.90E+12,6/16/2029,,,,https://m.media-amazon.com/images/I/51OEtQy0EnL.jpg,,,,Fever Detection|Temperature Monitoring,Mountain|Beach|Camping|Roadtrip
6a646c88edb0bc53fabc8562,122,First Aid,First Aid Supply,Pulse Oximeter,,Dr. Trust,Dr. Trust India,Device,,,Measures blood oxygen saturation and pulse rate; useful for detecting altitude sickness symptoms.,,,Clip onto fingertip and read the display after a few seconds.,,Not a substitute for medical diagnosis.,1200,25,8.90E+12,3/25/1930,,,,https://encrypted-tbn0.gstatic.com/images?q=tbn:ANd9GcQ0J8N_8tJbps106bejB6dokApkDgg5-WjY4HfqXrNlXQ&s,,,,Oxygen Level Monitoring|Altitude Sickness Detection,Mountain
